"Mean_Biom","Distn_Biom"
-0.0475504708249703,-0.0492875315899014
0.00688982491553071,0.0218043981626974
