"Mean_Biom","Distn_Biom"
-0.059740317268724,-0.0610357915170288
0.00699541725174459,0.0209134336514282
