"Mean_Biom","Distn_Biom"
-0.0425857769275408,-0.0444158316108491
0.0064496196264874,0.0211209716303789
