"Mean_Biom","Distn_Biom"
-0.0597973158090125,-0.0608873842601064
0.00702997176545983,0.0207325311181768
