"Mean_Biom","Distn_Biom"
-0.0549316999433679,-0.0555925406582963
0.00674843698105341,0.0198681516995949
