"Mean_Biom","Distn_Biom"
-0.0597990512877645,-0.0612385573251659
0.0071088183951724,0.0209800371861411
