"Mean_Biom","Distn_Biom"
-0.047472108287093,-0.0498597912844954
0.00680107806648697,0.0215856395767179
