"Mean_Biom","Distn_Biom"
-0.0474614287894211,-0.0496031465963865
0.0067406012556891,0.0215825689167583
