"Mean_Biom","Distn_Biom"
-0.0550853120001917,-0.0559558310318023
0.00672985863464966,0.0199311479535887
