"Mean_Biom","Distn_Biom"
-0.0423387905674865,-0.0444496428613488
0.00638476891766947,0.0206484281199257
